old,new,display_name
"BMW - 1","BMW - 1-sarja","BMW - 1 Series"
"BMW - 2","BMW - 2-sarja","BMW - 2 Series"
"BMW - 3","BMW - 3-sarja","BMW - 3 Series"
"BMW - 4","BMW - 4-sarja","BMW - 4 Series"
"BMW - 5","BMW - 5-sarja","BMW - 5 Series"
"BMW - 6","BMW - 6-sarja","BMW - 6 Series"
"BMW - 7","BMW - 7-sarja","BMW - 7 Series"
"BMW i - I3","BMW - I3","BMW - i3"
"Daewoo - EVANDA","GM Daewoo - EVANDA","Daewoo - EVANDA"
"Daewoo - NUBIRA","GM Daewoo - NUBIRA","Daewoo - NUBIRA"
"Hyundai - i30","Hyundai - I30",
"Jaguar Land Rover Limited - JAGUAR XE","Jaguar - XE",
"Jaguar Land Rover Limited - RANGE","Land Rover - RANGE ROVER",
"Jaguar Land Rover Limited - RANGE ROVER","Land Rover - RANGE ROVER",
"Lada-Vaz - 112","Lada - 112",
"Land Rover - DEFENDER 110","Land Rover - DEFENDER",
"Land Rover - DISCOVERY 3","Land Rover - DISCOVERY",
"Land Rover - DISCOVERY 4","Land Rover - DISCOVERY",
"Land Rover - DISCOVERY II","Land Rover - DISCOVERY",
"Lexus - CT200H","Lexus - CT",
"Lexus - GS450H","Lexus - GS",
"Lexus - IS200","Lexus - IS",
"Lexus - IS220D","Lexus - IS",
"Lexus - IS250","Lexus - IS",
"Lexus - IS300H","Lexus - IS",
"Lexus - NX300H","Lexus - NX",
"Lexus - RX300","Lexus - RX",
"Lexus - RX400H","Lexus - RX",
"Lexus - RX450H","Lexus - RX",
"Mercedes-Benz - V-KLASSE","Mercedes-Benz - V",
"Mini - COOPER CLUBMAN","Mini - CLUBMAN",
"Nissan - MAXIMA QX","Nissan - MAXIMA",
"Tesla Motors - MODEL S","Tesla - MODEL S",
"Tesla Motors - MODEL X","Tesla - MODEL X",
"Toyota - 86","Toyota - GT86",
"Toyota - PRIUS PHV","Toyota - PRIUS PLUG-IN HYBRID",
"Toyota - YARIS HYBRID","Toyota - YARIS",
"Volkswagen - LT35","Volkswagen - LT",
